date,channel,room_nights,revenue_bdt,campaign_attributed
2024-10-01,direct,4,42480,false
2024-10-01,direct,3,32914,false
2024-10-02,direct,4,43233,false
2024-10-02,direct,3,33591,false
2024-10-02,booking_com,31,341000,false
2024-10-02,agoda,16,176000,false
2024-10-02,expedia,9,99000,false
2024-10-03,direct,5,57474,false
2024-10-03,direct,5,55467,false
2024-10-04,direct,4,43840,false
2024-10-04,direct,5,56155,false
2024-10-04,phone,2,20240,false
2024-10-04,booking_com,31,341000,false
2024-10-04,agoda,16,176000,false
2024-10-04,expedia,9,99000,false
2024-10-05,direct,3,33009,false
2024-10-05,direct,3,32595,false
2024-10-06,direct,5,56758,false
2024-10-06,direct,3,32373,false
2024-10-06,booking_com,31,341000,false
2024-10-06,agoda,16,176000,false
2024-10-06,expedia,9,99000,false
2024-10-07,direct,5,57687,false
2024-10-07,direct,2,22085,false
2024-10-08,direct,4,43883,false
2024-10-08,direct,2,21311,false
2024-10-08,phone,2,20240,false
2024-10-08,booking_com,31,341000,false
2024-10-08,agoda,16,176000,false
2024-10-08,expedia,9,99000,false
2024-10-09,direct,5,55657,false
2024-10-09,direct,3,31900,false
2024-10-10,direct,4,45911,false
2024-10-10,direct,3,33029,false
2024-10-10,booking_com,31,341000,false
2024-10-10,agoda,16,176000,false
2024-10-10,expedia,9,99000,false
2024-10-11,direct,5,55313,false
2024-10-11,direct,2,21706,false
2024-10-12,direct,4,42310,false
2024-10-12,direct,3,34193,false
2024-10-12,phone,2,20240,false
2024-10-12,booking_com,31,341000,false
2024-10-12,agoda,16,176000,false
2024-10-12,expedia,9,99000,false
2024-10-13,direct,4,44134,false
2024-10-13,direct,3,33236,false
2024-10-14,direct,4,45798,false
2024-10-14,direct,5,55433,false
2024-10-14,booking_com,31,341000,false
2024-10-14,agoda,16,176000,false
2024-10-14,expedia,9,99000,false
2024-10-15,direct,3,31367,false
2024-10-15,direct,2,21386,false
2024-10-16,direct,4,44603,false
2024-10-16,direct,5,54282,false
2024-10-16,phone,2,20240,false
2024-10-16,booking_com,31,341000,false
2024-10-16,agoda,16,176000,false
2024-10-16,expedia,9,99000,false
2024-10-17,direct,4,45268,false
2024-10-17,direct,4,44929,false
2024-10-18,direct,5,54250,false
2024-10-18,direct,2,21703,false
2024-10-18,booking_com,31,341000,false
2024-10-18,agoda,16,176000,false
2024-10-18,expedia,9,99000,false
2024-10-19,direct,2,22452,false
2024-10-19,direct,4,41813,false
2024-10-20,direct,4,45715,false
2024-10-20,direct,4,45930,false
2024-10-20,phone,2,20240,false
2024-10-20,booking_com,31,341000,false
2024-10-20,agoda,16,176000,false
2024-10-20,expedia,9,99000,false
2024-10-21,direct,3,33621,false
2024-10-21,direct,3,33219,false
2024-10-22,direct,4,43645,false
2024-10-22,direct,4,42113,false
2024-10-22,booking_com,31,341000,false
2024-10-22,agoda,16,176000,false
2024-10-22,expedia,9,99000,false
2024-10-23,direct,4,45060,false
2024-10-23,direct,4,46033,false
2024-10-24,direct,3,33441,false
2024-10-24,direct,3,32845,false
2024-10-24,phone,2,20240,false
2024-10-24,booking_com,31,341000,false
2024-10-24,agoda,16,176000,false
2024-10-24,expedia,9,99000,false
2024-10-25,direct,2,21292,false
2024-10-25,direct,5,57183,false
2024-10-26,direct,5,54672,false
2024-10-26,direct,3,33854,false
2024-10-26,booking_com,31,341000,false
2024-10-26,agoda,16,176000,false
2024-10-26,expedia,9,99000,false
2024-10-27,direct,2,21286,false
2024-10-27,direct,3,32312,false
2024-10-28,direct,2,21838,false
2024-10-28,direct,4,46184,false
2024-10-28,phone,2,20240,false
2024-10-28,booking_com,31,341000,false
2024-10-28,agoda,16,176000,false
2024-10-28,expedia,9,99000,false
2024-10-29,direct,5,57145,false
2024-10-29,direct,5,53383,false
2024-10-30,direct,5,54082,false
2024-10-30,direct,3,33609,false
2024-10-30,booking_com,31,341000,false
2024-10-30,agoda,16,176000,false
2024-10-30,expedia,9,99000,false
2024-10-31,direct,3,33263,false
2024-10-31,direct,2,21906,false
2024-11-01,direct,3,33073,false
2024-11-01,direct,3,34472,false
2024-11-01,direct,3,33754,false
2024-11-02,direct,3,34035,false
2024-11-02,direct,4,41839,false
2024-11-02,direct,2,22427,false
2024-11-02,booking_com,40,440000,false
2024-11-02,agoda,20,220000,false
2024-11-02,expedia,12,132000,false
2024-11-03,direct,3,33723,false
2024-11-03,direct,4,43275,false
2024-11-03,direct,3,32336,false
2024-11-04,direct,4,43352,false
2024-11-04,direct,4,43924,false
2024-11-04,direct,2,21377,false
2024-11-04,phone,2,20240,false
2024-11-04,booking_com,40,440000,false
2024-11-04,agoda,20,220000,false
2024-11-04,expedia,12,132000,false
2024-11-05,direct,3,33234,false
2024-11-05,direct,2,22798,false
2024-11-05,direct,4,45440,false
2024-11-06,direct,2,21867,false
2024-11-06,direct,2,22684,false
2024-11-06,direct,2,21073,false
2024-11-06,booking_com,40,440000,false
2024-11-06,agoda,20,220000,false
2024-11-06,expedia,12,132000,false
2024-11-07,direct,2,22180,false
2024-11-07,direct,4,44479,false
2024-11-07,direct,4,41844,false
2024-11-08,direct,2,21866,false
2024-11-08,direct,2,21791,false
2024-11-08,direct,2,22574,false
2024-11-08,phone,2,20240,false
2024-11-08,booking_com,40,440000,false
2024-11-08,agoda,20,220000,false
2024-11-08,expedia,12,132000,false
2024-11-09,direct,4,45622,false
2024-11-09,direct,3,34439,false
2024-11-09,direct,5,56519,false
2024-11-10,direct,4,44775,false
2024-11-10,direct,4,42987,false
2024-11-10,direct,3,31830,false
2024-11-10,booking_com,40,440000,false
2024-11-10,agoda,20,220000,false
2024-11-10,expedia,12,132000,false
2024-11-11,direct,3,34136,false
2024-11-11,direct,4,44676,false
2024-11-11,direct,3,34084,false
2024-11-12,direct,3,33297,false
2024-11-12,direct,3,34063,false
2024-11-12,direct,2,22592,false
2024-11-12,phone,2,20240,false
2024-11-12,booking_com,40,440000,false
2024-11-12,agoda,20,220000,false
2024-11-12,expedia,12,132000,false
2024-11-13,direct,3,33472,false
2024-11-13,direct,3,32087,false
2024-11-13,direct,3,31731,false
2024-11-14,direct,4,44815,false
2024-11-14,direct,2,22332,false
2024-11-14,direct,2,22957,false
2024-11-14,booking_com,40,440000,false
2024-11-14,agoda,20,220000,false
2024-11-14,expedia,12,132000,false
2024-11-15,direct,3,33176,false
2024-11-15,direct,4,44784,false
2024-11-15,direct,3,34557,false
2024-11-16,direct,3,33781,false
2024-11-16,direct,4,45452,false
2024-11-16,direct,4,44003,false
2024-11-16,phone,2,20240,false
2024-11-16,booking_com,40,440000,false
2024-11-16,agoda,20,220000,false
2024-11-16,expedia,12,132000,false
2024-11-17,direct,4,44401,false
2024-11-17,direct,3,32930,false
2024-11-17,direct,3,31956,false
2024-11-18,direct,2,23037,false
2024-11-18,direct,2,22579,false
2024-11-18,direct,5,54069,false
2024-11-18,booking_com,40,440000,false
2024-11-18,agoda,20,220000,false
2024-11-18,expedia,12,132000,false
2024-11-19,direct,5,54084,false
2024-11-19,direct,3,31463,false
2024-11-19,direct,3,32326,false
2024-11-20,direct,4,43563,false
2024-11-20,direct,2,22781,false
2024-11-20,direct,4,45005,false
2024-11-20,phone,2,20240,false
2024-11-20,booking_com,40,440000,false
2024-11-20,agoda,20,220000,false
2024-11-20,expedia,12,132000,false
2024-11-21,direct,3,34151,false
2024-11-21,direct,5,56271,false
2024-11-21,direct,4,45045,false
2024-11-22,direct,4,44676,false
2024-11-22,direct,2,21287,false
2024-11-22,direct,4,42056,false
2024-11-22,booking_com,40,440000,false
2024-11-22,agoda,20,220000,false
2024-11-22,expedia,12,132000,false
2024-11-23,direct,2,22178,false
2024-11-23,direct,2,22292,false
2024-11-23,direct,4,45651,false
2024-11-24,direct,2,21837,false
2024-11-24,direct,3,32854,false
2024-11-24,direct,4,44946,false
2024-11-24,phone,2,20240,false
2024-11-24,booking_com,40,440000,false
2024-11-24,agoda,20,220000,false
2024-11-24,expedia,12,132000,false
2024-11-25,direct,4,45530,false
2024-11-25,direct,2,21015,false
2024-11-25,direct,5,52718,false
2024-11-26,direct,2,23002,false
2024-11-26,direct,2,22773,false
2024-11-26,direct,4,44164,false
2024-11-26,booking_com,40,440000,false
2024-11-26,agoda,20,220000,false
2024-11-26,expedia,12,132000,false
2024-11-27,direct,4,44849,false
2024-11-27,direct,4,44510,false
2024-11-27,direct,3,31949,false
2024-11-28,direct,4,44167,false
2024-11-28,direct,3,32671,false
2024-11-28,direct,4,44730,false
2024-11-28,phone,2,20240,false
2024-11-28,booking_com,40,440000,false
2024-11-28,agoda,20,220000,false
2024-11-28,expedia,12,132000,false
2024-11-29,direct,3,31669,false
2024-11-29,direct,3,32733,false
2024-11-29,direct,2,21221,false
2024-11-30,direct,4,45646,false
2024-11-30,direct,4,43227,false
2024-11-30,direct,4,43103,false
2024-11-30,booking_com,40,440000,false
2024-11-30,agoda,20,220000,false
2024-11-30,expedia,12,132000,false
2024-12-01,direct,4,41884,false
2024-12-01,direct,4,46162,false
2024-12-01,direct,4,45943,false
2024-12-01,direct,3,31833,false
2024-12-02,direct,3,34392,false
2024-12-02,direct,2,21003,false
2024-12-02,direct,4,41907,false
2024-12-02,direct,4,42293,false
2024-12-02,booking_com,48,528000,false
2024-12-02,agoda,24,264000,false
2024-12-02,expedia,15,165000,false
2024-12-03,direct,3,34576,false
2024-12-03,direct,4,45274,false
2024-12-03,direct,3,33491,false
2024-12-03,direct,2,21261,false
2024-12-04,direct,3,34514,false
2024-12-04,direct,4,44787,false
2024-12-04,direct,2,21035,false
2024-12-04,direct,4,45268,false
2024-12-04,phone,2,20240,false
2024-12-04,booking_com,48,528000,false
2024-12-04,agoda,24,264000,false
2024-12-04,expedia,15,165000,false
2024-12-05,direct,4,42564,false
2024-12-05,direct,3,32905,false
2024-12-05,direct,3,32927,false
2024-12-05,direct,4,44637,false
2024-12-06,direct,3,34317,false
2024-12-06,direct,3,31693,false
2024-12-06,direct,3,34567,false
2024-12-06,direct,2,22557,false
2024-12-06,booking_com,48,528000,false
2024-12-06,agoda,24,264000,false
2024-12-06,expedia,15,165000,false
2024-12-07,direct,2,22828,false
2024-12-07,direct,3,31400,false
2024-12-07,direct,3,34003,false
2024-12-07,direct,4,46194,false
2024-12-08,direct,3,32734,false
2024-12-08,direct,3,33438,false
2024-12-08,direct,4,44725,false
2024-12-08,direct,3,32749,false
2024-12-08,phone,2,20240,false
2024-12-08,booking_com,48,528000,false
2024-12-08,agoda,24,264000,false
2024-12-08,expedia,15,165000,false
2024-12-09,direct,3,34414,false
2024-12-09,direct,2,21225,false
2024-12-09,direct,4,42062,false
2024-12-09,direct,4,44298,false
2024-12-10,direct,2,21820,false
2024-12-10,direct,2,21714,false
2024-12-10,direct,3,32211,false
2024-12-10,direct,4,45255,false
2024-12-10,booking_com,48,528000,false
2024-12-10,agoda,24,264000,false
2024-12-10,expedia,15,165000,false
2024-12-11,direct,3,32857,false
2024-12-11,direct,4,43412,false
2024-12-11,direct,3,32341,false
2024-12-11,direct,3,34106,false
2024-12-12,direct,2,21499,false
2024-12-12,direct,4,44050,false
2024-12-12,direct,4,41868,false
2024-12-12,direct,3,31396,false
2024-12-12,phone,2,20240,false
2024-12-12,booking_com,48,528000,false
2024-12-12,agoda,24,264000,false
2024-12-12,expedia,15,165000,false
2024-12-13,direct,2,21590,false
2024-12-13,direct,2,22350,false
2024-12-13,direct,3,31831,false
2024-12-13,direct,4,42720,false
2024-12-14,direct,3,34266,false
2024-12-14,direct,2,23053,false
2024-12-14,direct,2,22594,false
2024-12-14,direct,4,43620,false
2024-12-14,booking_com,48,528000,false
2024-12-14,agoda,24,264000,false
2024-12-14,expedia,15,165000,false
2024-12-15,direct,2,21081,false
2024-12-15,direct,4,41950,false
2024-12-15,direct,3,33653,false
2024-12-15,direct,2,21881,false
2024-12-16,direct,3,32541,false
2024-12-16,direct,3,34351,false
2024-12-16,direct,3,33219,false
2024-12-16,direct,3,34610,false
2024-12-16,phone,2,20240,false
2024-12-16,booking_com,48,528000,false
2024-12-16,agoda,24,264000,false
2024-12-16,expedia,15,165000,false
2024-12-17,direct,4,45049,false
2024-12-17,direct,3,33189,false
2024-12-17,direct,4,45052,false
2024-12-17,direct,3,34603,false
2024-12-18,direct,2,22949,false
2024-12-18,direct,2,21472,false
2024-12-18,direct,3,31585,false
2024-12-18,direct,3,34020,false
2024-12-18,booking_com,48,528000,false
2024-12-18,agoda,24,264000,false
2024-12-18,expedia,15,165000,false
2024-12-19,direct,3,34055,false
2024-12-19,direct,3,33294,false
2024-12-19,direct,3,34432,false
2024-12-19,direct,4,42587,false
2024-12-20,direct,2,22793,false
2024-12-20,direct,2,22970,false
2024-12-20,direct,2,22821,false
2024-12-20,direct,2,22951,false
2024-12-20,phone,2,20240,false
2024-12-20,booking_com,48,528000,false
2024-12-20,agoda,24,264000,false
2024-12-20,expedia,15,165000,false
2024-12-21,direct,4,42377,false
2024-12-21,direct,2,21907,false
2024-12-21,direct,2,21523,false
2024-12-21,direct,4,45007,false
2024-12-22,direct,2,21177,false
2024-12-22,direct,3,31565,false
2024-12-22,direct,3,33497,false
2024-12-22,direct,2,21565,false
2024-12-22,booking_com,48,528000,false
2024-12-22,agoda,24,264000,false
2024-12-22,expedia,15,165000,false
2024-12-23,direct,3,34161,false
2024-12-23,direct,2,22182,false
2024-12-23,direct,3,34304,false
2024-12-23,direct,4,44705,false
2024-12-24,direct,4,46177,false
2024-12-24,direct,2,22794,false
2024-12-24,direct,2,22098,false
2024-12-24,direct,4,45475,false
2024-12-24,phone,2,20240,false
2024-12-24,booking_com,48,528000,false
2024-12-24,agoda,24,264000,false
2024-12-24,expedia,15,165000,false
2024-12-25,direct,4,42498,false
2024-12-25,direct,2,21664,false
2024-12-25,direct,3,31814,false
2024-12-25,direct,4,42593,false
2024-12-26,direct,3,32020,false
2024-12-26,direct,3,32434,false
2024-12-26,direct,4,44600,false
2024-12-26,direct,3,32489,false
2024-12-26,booking_com,48,528000,false
2024-12-26,agoda,24,264000,false
2024-12-26,expedia,15,165000,false
2024-12-27,direct,2,22284,false
2024-12-27,direct,2,21259,false
2024-12-27,direct,4,44680,false
2024-12-27,direct,3,33602,false
2024-12-28,direct,3,31610,false
2024-12-28,direct,2,21782,false
2024-12-28,direct,3,31814,false
2024-12-28,direct,3,34066,false
2024-12-28,phone,2,20240,false
2024-12-28,booking_com,48,528000,false
2024-12-28,agoda,24,264000,false
2024-12-28,expedia,15,165000,false
2024-12-29,direct,3,33514,false
2024-12-29,direct,3,33608,false
2024-12-29,direct,2,21076,false
2024-12-29,direct,3,34092,false
2024-12-30,direct,3,32524,false
2024-12-30,direct,2,22285,false
2024-12-30,direct,2,21252,false
2024-12-30,direct,4,42614,false
2024-12-30,booking_com,48,528000,false
2024-12-30,agoda,24,264000,false
2024-12-30,expedia,15,165000,false
2024-12-31,direct,3,33965,false
2024-12-31,direct,3,33040,false
2024-12-31,direct,3,33111,false
2024-12-31,direct,3,34000,false
2025-01-01,direct,2,23054,false
2025-01-01,direct,3,33863,false
2025-01-01,direct,2,22113,false
2025-01-01,direct,3,34164,false
2025-01-02,direct,2,21869,false
2025-01-02,direct,3,31817,false
2025-01-02,direct,3,33838,false
2025-01-02,direct,4,44525,false
2025-01-02,booking_com,46,506000,false
2025-01-02,agoda,23,253000,false
2025-01-02,expedia,14,154000,false
2025-01-03,direct,3,33506,false
2025-01-03,direct,3,32433,false
2025-01-03,direct,2,21987,false
2025-01-03,direct,4,42913,false
2025-01-04,direct,2,22905,false
2025-01-04,direct,4,43796,false
2025-01-04,direct,2,21666,false
2025-01-04,direct,2,21898,false
2025-01-04,phone,2,20240,false
2025-01-04,booking_com,46,506000,false
2025-01-04,agoda,23,253000,false
2025-01-04,expedia,14,154000,false
2025-01-05,direct,1,11525,false
2025-01-05,direct,1,10601,false
2025-01-05,direct,2,22942,false
2025-01-05,direct,3,32393,false
2025-01-06,direct,3,34161,false
2025-01-06,direct,2,22707,false
2025-01-06,direct,2,23007,false
2025-01-06,direct,3,32350,false
2025-01-06,booking_com,46,506000,false
2025-01-06,agoda,23,253000,false
2025-01-06,expedia,14,154000,false
2025-01-07,direct,2,22504,false
2025-01-07,direct,4,44977,false
2025-01-07,direct,1,10477,false
2025-01-07,direct,2,22842,false
2025-01-08,direct,4,44636,false
2025-01-08,direct,4,45978,false
2025-01-08,direct,3,32022,false
2025-01-08,direct,2,22769,false
2025-01-08,phone,2,20240,false
2025-01-08,booking_com,46,506000,false
2025-01-08,agoda,23,253000,false
2025-01-08,expedia,14,154000,false
2025-01-09,direct,3,32069,false
2025-01-09,direct,3,34644,false
2025-01-09,direct,4,42940,false
2025-01-09,direct,3,32184,false
2025-01-10,direct,4,46085,false
2025-01-10,direct,3,33128,false
2025-01-10,direct,2,21738,false
2025-01-10,direct,4,44071,false
2025-01-10,booking_com,46,506000,false
2025-01-10,agoda,23,253000,false
2025-01-10,expedia,14,154000,false
2025-01-11,direct,3,31661,false
2025-01-11,direct,3,32383,false
2025-01-11,direct,2,22726,false
2025-01-11,direct,2,21480,false
2025-01-12,direct,3,34247,false
2025-01-12,direct,3,33591,false
2025-01-12,direct,2,21071,false
2025-01-12,direct,3,33525,false
2025-01-12,phone,2,20240,false
2025-01-12,booking_com,46,506000,false
2025-01-12,agoda,23,253000,false
2025-01-12,expedia,14,154000,false
2025-01-13,direct,3,34411,false
2025-01-13,direct,3,34393,false
2025-01-13,direct,3,32357,false
2025-01-13,direct,4,41838,false
2025-01-14,direct,3,31690,false
2025-01-14,direct,3,31964,false
2025-01-14,direct,2,21399,false
2025-01-14,direct,4,42629,false
2025-01-14,booking_com,46,506000,false
2025-01-14,agoda,23,253000,false
2025-01-14,expedia,14,154000,false
2025-01-15,direct,2,22631,false
2025-01-15,direct,2,22806,false
2025-01-15,direct,2,22544,false
2025-01-15,direct,4,44157,false
2025-01-16,direct,3,32092,false
2025-01-16,direct,2,21175,false
2025-01-16,direct,2,22261,false
2025-01-16,direct,2,22683,false
2025-01-16,phone,2,20240,false
2025-01-16,booking_com,46,506000,false
2025-01-16,agoda,23,253000,false
2025-01-16,expedia,14,154000,false
2025-01-17,direct,2,21816,false
2025-01-17,direct,4,45290,false
2025-01-17,direct,3,32511,false
2025-01-17,direct,2,21471,false
2025-01-18,direct,4,43986,false
2025-01-18,direct,3,31892,false
2025-01-18,direct,3,33055,false
2025-01-18,direct,3,32422,false
2025-01-18,booking_com,46,506000,false
2025-01-18,agoda,23,253000,false
2025-01-18,expedia,14,154000,false
2025-01-19,direct,3,33569,false
2025-01-19,direct,3,33959,false
2025-01-19,direct,3,33042,false
2025-01-19,direct,2,21045,false
2025-01-20,direct,2,22008,false
2025-01-20,direct,3,33900,false
2025-01-20,direct,3,34374,false
2025-01-20,direct,3,33411,false
2025-01-20,phone,2,20240,false
2025-01-20,booking_com,46,506000,false
2025-01-20,agoda,23,253000,false
2025-01-20,expedia,14,154000,false
2025-01-21,direct,2,22879,false
2025-01-21,direct,2,22622,false
2025-01-21,direct,2,20950,false
2025-01-21,direct,3,33085,false
2025-01-22,direct,2,21918,false
2025-01-22,direct,4,42076,false
2025-01-22,direct,2,21193,false
2025-01-22,direct,3,32726,false
2025-01-22,booking_com,46,506000,false
2025-01-22,agoda,23,253000,false
2025-01-22,expedia,14,154000,false
2025-01-23,direct,2,22323,false
2025-01-23,direct,3,33741,false
2025-01-23,direct,2,22782,false
2025-01-23,direct,3,31674,false
2025-01-24,direct,3,34089,false
2025-01-24,direct,3,33553,false
2025-01-24,direct,1,11178,false
2025-01-24,direct,3,31928,false
2025-01-24,phone,2,20240,false
2025-01-24,booking_com,46,506000,false
2025-01-24,agoda,23,253000,false
2025-01-24,expedia,14,154000,false
2025-01-25,direct,3,32385,false
2025-01-25,direct,3,31371,false
2025-01-25,direct,3,34399,false
2025-01-25,direct,3,33012,false
2025-01-26,direct,3,33260,false
2025-01-26,direct,4,41977,false
2025-01-26,direct,3,32673,false
2025-01-26,direct,3,31793,false
2025-01-26,booking_com,46,506000,false
2025-01-26,agoda,23,253000,false
2025-01-26,expedia,14,154000,false
2025-01-27,direct,3,32914,false
2025-01-27,direct,3,33052,false
2025-01-27,direct,3,32511,false
2025-01-27,direct,3,31625,false
2025-01-28,direct,1,10823,false
2025-01-28,direct,3,33131,false
2025-01-28,direct,3,34567,false
2025-01-28,direct,3,33164,false
2025-01-28,phone,2,20240,false
2025-01-28,booking_com,46,506000,false
2025-01-28,agoda,23,253000,false
2025-01-28,expedia,14,154000,false
2025-01-29,direct,1,10864,false
2025-01-29,direct,2,21614,false
2025-01-29,direct,1,10691,false
2025-01-29,direct,3,32509,false
2025-01-30,direct,2,21609,false
2025-01-30,direct,2,20936,false
2025-01-30,direct,2,21458,false
2025-01-30,direct,4,43350,false
2025-01-30,booking_com,46,506000,false
2025-01-30,agoda,23,253000,false
2025-01-30,expedia,14,154000,false
2025-01-31,direct,1,10942,false
2025-01-31,direct,2,21486,false
2025-01-31,direct,4,44033,false
2025-01-31,direct,2,22682,false
2025-02-01,direct,3,32293,false
2025-02-01,direct,3,34128,false
2025-02-01,direct,4,43227,false
2025-02-02,direct,2,23040,false
2025-02-02,direct,3,33273,false
2025-02-02,direct,3,31380,false
2025-02-02,booking_com,40,440000,false
2025-02-02,agoda,21,231000,false
2025-02-02,expedia,12,132000,false
2025-02-03,direct,4,45202,false
2025-02-03,direct,4,44600,false
2025-02-03,direct,2,21153,false
2025-02-04,direct,3,33702,false
2025-02-04,direct,2,22355,false
2025-02-04,direct,2,21074,false
2025-02-04,phone,2,20240,false
2025-02-04,booking_com,40,440000,false
2025-02-04,agoda,21,231000,false
2025-02-04,expedia,12,132000,false
2025-02-05,direct,5,54091,false
2025-02-05,direct,2,22669,false
2025-02-05,direct,2,21355,false
2025-02-06,direct,4,42972,false
2025-02-06,direct,4,45905,false
2025-02-06,direct,4,44299,false
2025-02-06,booking_com,40,440000,false
2025-02-06,agoda,21,231000,false
2025-02-06,expedia,12,132000,false
2025-02-07,direct,2,22896,false
2025-02-07,direct,4,43615,false
2025-02-07,direct,2,22487,false
2025-02-08,direct,3,34042,false
2025-02-08,direct,2,21600,false
2025-02-08,direct,4,43265,false
2025-02-08,phone,2,20240,false
2025-02-08,booking_com,40,440000,false
2025-02-08,agoda,21,231000,false
2025-02-08,expedia,12,132000,false
2025-02-09,direct,3,33477,false
2025-02-09,direct,4,44885,false
2025-02-09,direct,3,33443,false
2025-02-10,direct,4,46127,false
2025-02-10,direct,4,46048,false
2025-02-10,direct,3,31755,false
2025-02-10,booking_com,40,440000,false
2025-02-10,agoda,21,231000,false
2025-02-10,expedia,12,132000,false
2025-02-11,direct,3,34149,false
2025-02-11,direct,3,32608,false
2025-02-11,direct,4,44493,false
2025-02-12,direct,2,22848,false
2025-02-12,direct,4,42042,false
2025-02-12,direct,4,42086,false
2025-02-12,phone,2,20240,false
2025-02-12,booking_com,40,440000,false
2025-02-12,agoda,21,231000,false
2025-02-12,expedia,12,132000,false
2025-02-13,direct,3,32856,false
2025-02-13,direct,3,32535,false
2025-02-13,direct,3,34477,false
2025-02-14,direct,4,43075,false
2025-02-14,direct,4,46138,false
2025-02-14,direct,5,55304,false
2025-02-14,booking_com,40,440000,false
2025-02-14,agoda,21,231000,false
2025-02-14,expedia,12,132000,false
2025-02-15,direct,4,46124,false
2025-02-15,direct,3,32765,false
2025-02-15,direct,3,33856,false
2025-02-16,direct,5,56225,false
2025-02-16,direct,4,43491,false
2025-02-16,direct,5,53041,false
2025-02-16,phone,2,20240,false
2025-02-16,booking_com,40,440000,false
2025-02-16,agoda,21,231000,false
2025-02-16,expedia,12,132000,false
2025-02-17,direct,3,34449,false
2025-02-17,direct,2,22890,false
2025-02-17,direct,3,33037,false
2025-02-18,direct,4,45966,false
2025-02-18,direct,4,46105,false
2025-02-18,direct,3,32237,false
2025-02-18,booking_com,40,440000,false
2025-02-18,agoda,21,231000,false
2025-02-18,expedia,12,132000,false
2025-02-19,direct,2,21405,false
2025-02-19,direct,2,23095,false
2025-02-19,direct,3,31499,false
2025-02-20,direct,3,32706,false
2025-02-20,direct,3,34403,false
2025-02-20,direct,4,44738,false
2025-02-20,phone,2,20240,false
2025-02-20,booking_com,40,440000,false
2025-02-20,agoda,21,231000,false
2025-02-20,expedia,12,132000,false
2025-02-21,direct,5,56914,false
2025-02-21,direct,4,42321,false
2025-02-21,direct,4,44349,false
2025-02-22,direct,3,32410,false
2025-02-22,direct,2,22399,false
2025-02-22,direct,2,21867,false
2025-02-22,booking_com,40,440000,false
2025-02-22,agoda,21,231000,false
2025-02-22,expedia,12,132000,false
2025-02-23,direct,3,34402,false
2025-02-23,direct,4,45070,false
2025-02-23,direct,2,21130,false
2025-02-24,direct,3,33152,false
2025-02-24,direct,2,22171,false
2025-02-24,direct,3,32705,false
2025-02-24,phone,2,20240,false
2025-02-24,booking_com,40,440000,false
2025-02-24,agoda,21,231000,false
2025-02-24,expedia,12,132000,false
2025-02-25,direct,4,42872,false
2025-02-25,direct,4,44934,false
2025-02-25,direct,3,32632,false
2025-02-26,direct,3,32601,false
2025-02-26,direct,3,32533,false
2025-02-26,direct,4,43095,false
2025-02-26,booking_com,40,440000,false
2025-02-26,agoda,21,231000,false
2025-02-26,expedia,12,132000,false
2025-02-27,direct,4,45150,false
2025-02-27,direct,3,33786,false
2025-02-27,direct,3,31937,false
2025-02-28,direct,2,22556,false
2025-02-28,direct,4,43873,false
2025-02-28,direct,5,54084,false
2025-02-28,phone,2,20240,false
2025-02-28,booking_com,40,440000,false
2025-02-28,agoda,21,231000,false
2025-02-28,expedia,12,132000,false
2025-03-01,direct,3,32369,false
2025-03-01,direct,3,33044,false
2025-03-01,direct,4,46062,false
2025-03-02,direct,2,21479,false
2025-03-02,direct,3,34220,false
2025-03-02,direct,3,33902,false
2025-03-02,booking_com,36,396000,false
2025-03-02,agoda,18,198000,false
2025-03-02,expedia,11,121000,false
2025-03-03,direct,3,33071,false
2025-03-03,direct,2,22988,false
2025-03-03,direct,2,21852,false
2025-03-04,direct,3,34293,false
2025-03-04,direct,2,21057,false
2025-03-04,direct,3,33912,false
2025-03-04,phone,2,20240,false
2025-03-04,booking_com,36,396000,false
2025-03-04,agoda,18,198000,false
2025-03-04,expedia,11,121000,false
2025-03-05,direct,3,32830,false
2025-03-05,direct,3,34543,false
2025-03-05,direct,3,32165,false
2025-03-06,direct,3,33784,false
2025-03-06,direct,2,22718,false
2025-03-06,direct,2,20934,false
2025-03-06,booking_com,36,396000,false
2025-03-06,agoda,18,198000,false
2025-03-06,expedia,11,121000,false
2025-03-07,direct,2,23030,false
2025-03-07,direct,2,21028,false
2025-03-07,direct,3,34185,false
2025-03-08,direct,2,21762,false
2025-03-08,direct,4,42114,false
2025-03-08,direct,3,33601,false
2025-03-08,phone,2,20240,false
2025-03-08,booking_com,36,396000,false
2025-03-08,agoda,18,198000,false
2025-03-08,expedia,11,121000,false
2025-03-09,direct,3,32706,false
2025-03-09,direct,2,23059,false
2025-03-09,direct,4,44151,false
2025-03-10,direct,3,33776,false
2025-03-10,direct,3,31895,false
2025-03-10,direct,2,22988,false
2025-03-10,booking_com,36,396000,false
2025-03-10,agoda,18,198000,false
2025-03-10,expedia,11,121000,false
2025-03-11,direct,3,32356,false
2025-03-11,direct,3,31488,false
2025-03-11,direct,3,32812,false
2025-03-12,direct,4,43223,false
2025-03-12,direct,4,45765,false
2025-03-12,direct,3,34081,false
2025-03-12,phone,2,20240,false
2025-03-12,booking_com,36,396000,false
2025-03-12,agoda,18,198000,false
2025-03-12,expedia,11,121000,false
2025-03-13,direct,2,22364,false
2025-03-13,direct,3,34490,false
2025-03-13,direct,2,22287,false
2025-03-14,direct,2,22983,false
2025-03-14,direct,3,32351,false
2025-03-14,direct,2,21874,false
2025-03-14,booking_com,36,396000,false
2025-03-14,agoda,18,198000,false
2025-03-14,expedia,11,121000,false
2025-03-15,direct,2,22616,false
2025-03-15,direct,3,34631,false
2025-03-15,direct,3,32746,false
2025-03-16,direct,3,33931,false
2025-03-16,direct,3,33461,false
2025-03-16,direct,3,31433,false
2025-03-16,phone,2,20240,false
2025-03-16,booking_com,36,396000,false
2025-03-16,agoda,18,198000,false
2025-03-16,expedia,11,121000,false
2025-03-17,direct,4,45495,false
2025-03-17,direct,2,20926,false
2025-03-17,direct,2,20935,false
2025-03-18,direct,3,33133,false
2025-03-18,direct,4,45153,false
2025-03-18,direct,2,22846,false
2025-03-18,booking_com,36,396000,false
2025-03-18,agoda,18,198000,false
2025-03-18,expedia,11,121000,false
2025-03-19,direct,4,44359,false
2025-03-19,direct,4,44787,false
2025-03-19,direct,3,32684,false
2025-03-20,direct,2,22913,false
2025-03-20,direct,2,21891,false
2025-03-20,direct,4,42723,false
2025-03-20,phone,2,20240,false
2025-03-20,booking_com,36,396000,false
2025-03-20,agoda,18,198000,false
2025-03-20,expedia,11,121000,false
2025-03-21,direct,4,44386,false
2025-03-21,direct,3,34143,false
2025-03-21,direct,4,43033,false
2025-03-22,direct,2,22626,false
2025-03-22,direct,3,32955,false
2025-03-22,direct,2,22808,false
2025-03-22,booking_com,36,396000,false
2025-03-22,agoda,18,198000,false
2025-03-22,expedia,11,121000,false
2025-03-23,direct,4,41989,false
2025-03-23,direct,3,31665,false
2025-03-23,direct,3,34165,false
2025-03-24,direct,3,32505,false
2025-03-24,direct,4,43729,false
2025-03-24,direct,2,21966,false
2025-03-24,phone,2,20240,false
2025-03-24,booking_com,36,396000,false
2025-03-24,agoda,18,198000,false
2025-03-24,expedia,11,121000,false
2025-03-25,direct,3,31402,false
2025-03-25,direct,3,31696,false
2025-03-25,direct,3,33516,false
2025-03-26,direct,3,34514,false
2025-03-26,direct,2,21073,false
2025-03-26,direct,2,21199,false
2025-03-26,booking_com,36,396000,false
2025-03-26,agoda,18,198000,false
2025-03-26,expedia,11,121000,false
2025-03-27,direct,3,34516,false
2025-03-27,direct,3,31593,false
2025-03-27,direct,3,32456,false
2025-03-28,direct,3,34642,false
2025-03-28,direct,2,21049,false
2025-03-28,direct,3,32358,false
2025-03-28,phone,2,20240,false
2025-03-28,booking_com,36,396000,false
2025-03-28,agoda,18,198000,false
2025-03-28,expedia,11,121000,false
2025-03-29,direct,3,33241,false
2025-03-29,direct,3,31827,false
2025-03-29,direct,4,44168,false
2025-03-30,direct,3,32133,false
2025-03-30,direct,3,32556,false
2025-03-30,direct,2,22630,false
2025-03-30,booking_com,36,396000,false
2025-03-30,agoda,18,198000,false
2025-03-30,expedia,11,121000,false
2025-03-31,direct,2,20983,false
2025-03-31,direct,2,20938,false
2025-03-31,direct,2,20948,false
2025-04-01,direct,5,52303,false
2025-04-01,direct,5,54917,false
2025-04-02,direct,4,45203,false
2025-04-02,direct,4,43630,false
2025-04-02,booking_com,28,308000,false
2025-04-02,agoda,14,154000,false
2025-04-02,expedia,9,99000,false
2025-04-03,direct,2,21510,false
2025-04-03,direct,3,31826,false
2025-04-04,direct,4,46154,false
2025-04-04,direct,2,22710,false
2025-04-04,phone,2,20240,false
2025-04-04,booking_com,28,308000,false
2025-04-04,agoda,14,154000,false
2025-04-04,expedia,9,99000,false
2025-04-05,direct,4,46032,false
2025-04-05,direct,2,21612,false
2025-04-06,direct,3,33127,false
2025-04-06,direct,2,22275,false
2025-04-06,booking_com,28,308000,false
2025-04-06,agoda,14,154000,false
2025-04-06,expedia,9,99000,false
2025-04-07,direct,5,57473,false
2025-04-07,direct,4,45377,false
2025-04-08,direct,2,22155,false
2025-04-08,direct,3,32258,false
2025-04-08,phone,2,20240,false
2025-04-08,booking_com,28,308000,false
2025-04-08,agoda,14,154000,false
2025-04-08,expedia,9,99000,false
2025-04-09,direct,5,54534,false
2025-04-09,direct,3,33095,false
2025-04-10,direct,3,34350,false
2025-04-10,direct,5,56391,false
2025-04-10,booking_com,28,308000,false
2025-04-10,agoda,14,154000,false
2025-04-10,expedia,9,99000,false
2025-04-11,direct,4,45431,false
2025-04-11,direct,2,21539,false
2025-04-12,direct,2,21725,false
2025-04-12,direct,2,21412,false
2025-04-12,phone,2,20240,false
2025-04-12,booking_com,28,308000,false
2025-04-12,agoda,14,154000,false
2025-04-12,expedia,9,99000,false
2025-04-13,direct,2,22183,false
2025-04-13,direct,3,33626,false
2025-04-14,direct,4,46127,false
2025-04-14,direct,5,56336,false
2025-04-14,booking_com,28,308000,false
2025-04-14,agoda,14,154000,false
2025-04-14,expedia,9,99000,false
2025-04-15,direct,3,32007,false
2025-04-15,direct,3,34341,false
2025-04-16,direct,3,32232,false
2025-04-16,direct,3,33621,false
2025-04-16,phone,2,20240,false
2025-04-16,booking_com,28,308000,false
2025-04-16,agoda,14,154000,false
2025-04-16,expedia,9,99000,false
2025-04-17,direct,2,21043,false
2025-04-17,direct,4,43558,false
2025-04-18,direct,3,32361,false
2025-04-18,direct,3,32035,false
2025-04-18,booking_com,28,308000,false
2025-04-18,agoda,14,154000,false
2025-04-18,expedia,9,99000,false
2025-04-19,direct,4,44743,false
2025-04-19,direct,4,44044,false
2025-04-20,direct,4,45310,false
2025-04-20,direct,5,54854,false
2025-04-20,phone,2,20240,false
2025-04-20,booking_com,28,308000,false
2025-04-20,agoda,14,154000,false
2025-04-20,expedia,9,99000,false
2025-04-21,direct,5,54602,false
2025-04-21,direct,2,21759,false
2025-04-22,direct,5,54501,false
2025-04-22,direct,2,21597,false
2025-04-22,booking_com,28,308000,false
2025-04-22,agoda,14,154000,false
2025-04-22,expedia,9,99000,false
2025-04-23,direct,4,44946,false
2025-04-23,direct,2,21141,false
2025-04-24,direct,3,33606,false
2025-04-24,direct,3,32614,false
2025-04-24,phone,2,20240,false
2025-04-24,booking_com,28,308000,false
2025-04-24,agoda,14,154000,false
2025-04-24,expedia,9,99000,false
2025-04-25,direct,4,45032,false
2025-04-25,direct,4,44908,false
2025-04-26,direct,4,42649,false
2025-04-26,direct,3,33193,false
2025-04-26,booking_com,28,308000,false
2025-04-26,agoda,14,154000,false
2025-04-26,expedia,9,99000,false
2025-04-27,direct,3,31863,false
2025-04-27,direct,5,57045,false
2025-04-28,direct,4,43079,false
2025-04-28,direct,4,46136,false
2025-04-28,phone,2,20240,false
2025-04-28,booking_com,28,308000,false
2025-04-28,agoda,14,154000,false
2025-04-28,expedia,9,99000,false
2025-04-29,direct,3,33071,false
2025-04-29,direct,2,21988,false
2025-04-30,direct,5,56828,false
2025-04-30,direct,4,44549,false
2025-04-30,booking_com,28,308000,false
2025-04-30,agoda,14,1386000,false
2025-04-30,expedia,9,891000,false
2025-05-01,direct,4,395082,false
2025-05-01,direct,2,197415,false
2025-05-02,direct,3,303039,false
2025-05-02,direct,2,192888,false
2025-05-02,booking_com,24,264000,false
2025-05-02,agoda,12,132000,false
2025-05-02,expedia,7,77000,false
2025-05-03,direct,2,21170,false
2025-05-03,direct,4,44068,false
2025-05-04,direct,4,43109,false
2025-05-04,direct,2,22789,false
2025-05-04,phone,2,20240,false
2025-05-04,booking_com,24,264000,false
2025-05-04,agoda,12,132000,false
2025-05-04,expedia,7,77000,false
2025-05-05,direct,2,21689,false
2025-05-05,direct,3,33081,false
2025-05-06,direct,4,42256,false
2025-05-06,direct,3,31769,false
2025-05-06,booking_com,24,264000,false
2025-05-06,agoda,12,132000,false
2025-05-06,expedia,7,77000,false
2025-05-07,direct,4,46111,false
2025-05-07,direct,3,33460,false
2025-05-08,direct,3,33240,false
2025-05-08,direct,2,22150,false
2025-05-08,phone,2,20240,false
2025-05-08,booking_com,24,264000,false
2025-05-08,agoda,12,132000,false
2025-05-08,expedia,7,77000,false
2025-05-09,direct,3,34350,false
2025-05-09,direct,4,41863,false
2025-05-10,direct,2,21183,false
2025-05-10,direct,4,41902,false
2025-05-10,booking_com,24,264000,false
2025-05-10,agoda,12,132000,false
2025-05-10,expedia,7,77000,false
2025-05-11,direct,4,44982,false
2025-05-11,direct,4,45905,false
2025-05-12,direct,2,21326,false
2025-05-12,direct,4,46039,false
2025-05-12,phone,2,20240,false
2025-05-12,booking_com,24,264000,false
2025-05-12,agoda,12,132000,false
2025-05-12,expedia,7,77000,false
2025-05-13,direct,3,31675,false
2025-05-13,direct,3,34634,false
2025-05-14,direct,2,22815,false
2025-05-14,direct,2,22806,false
2025-05-14,booking_com,24,264000,false
2025-05-14,agoda,12,132000,false
2025-05-14,expedia,7,77000,false
2025-05-15,direct,4,45041,false
2025-05-15,direct,4,43571,false
2025-05-16,direct,4,44617,false
2025-05-16,direct,4,46110,false
2025-05-16,phone,2,20240,false
2025-05-16,booking_com,24,264000,false
2025-05-16,agoda,12,132000,false
2025-05-16,expedia,7,77000,false
2025-05-17,direct,2,21065,false
2025-05-17,direct,4,43153,false
2025-05-18,direct,3,33473,false
2025-05-18,direct,3,33045,false
2025-05-18,booking_com,24,264000,false
2025-05-18,agoda,12,132000,false
2025-05-18,expedia,7,77000,false
2025-05-19,direct,4,46034,false
2025-05-19,direct,3,32933,false
2025-05-20,direct,2,22255,false
2025-05-20,direct,2,22385,false
2025-05-20,phone,2,20240,false
2025-05-20,booking_com,24,264000,false
2025-05-20,agoda,12,132000,false
2025-05-20,expedia,7,77000,false
2025-05-21,direct,4,45556,false
2025-05-21,direct,1,10947,false
2025-05-22,direct,2,21345,false
2025-05-22,direct,4,44960,false
2025-05-22,booking_com,24,264000,false
2025-05-22,agoda,12,132000,false
2025-05-22,expedia,7,77000,false
2025-05-23,direct,4,45542,false
2025-05-23,direct,4,43707,false
2025-05-24,direct,4,42619,false
2025-05-24,direct,2,22497,false
2025-05-24,phone,2,20240,false
2025-05-24,booking_com,24,264000,false
2025-05-24,agoda,12,132000,false
2025-05-24,expedia,7,77000,false
2025-05-25,direct,2,21800,false
2025-05-25,direct,3,31914,false
2025-05-26,direct,4,43961,false
2025-05-26,direct,2,21022,false
2025-05-26,booking_com,24,264000,false
2025-05-26,agoda,12,132000,false
2025-05-26,expedia,7,77000,false
2025-05-27,direct,3,32303,false
2025-05-27,direct,4,44571,false
2025-05-28,direct,4,44120,false
2025-05-28,direct,4,45702,false
2025-05-28,phone,2,20240,false
2025-05-28,booking_com,24,264000,false
2025-05-28,agoda,12,132000,false
2025-05-28,expedia,7,77000,false
2025-05-29,direct,4,44680,false
2025-05-29,direct,4,43203,false
2025-05-30,direct,3,31903,false
2025-05-30,direct,3,34251,false
2025-05-30,booking_com,24,264000,false
2025-05-30,agoda,12,132000,false
2025-05-30,expedia,7,77000,false
2025-05-31,direct,3,31676,false
2025-05-31,direct,3,34040,false
2025-06-01,direct,4,43407,false
2025-06-02,direct,5,55512,false
2025-06-02,booking_com,14,154000,false
2025-06-02,agoda,7,77000,false
2025-06-02,expedia,4,44000,false
2025-06-03,direct,4,42588,false
2025-06-04,direct,2,22161,false
2025-06-04,phone,2,20240,false
2025-06-04,booking_com,14,154000,false
2025-06-04,agoda,7,77000,false
2025-06-04,expedia,4,44000,false
2025-06-05,direct,5,53686,false
2025-06-06,direct,4,44254,false
2025-06-06,booking_com,14,154000,false
2025-06-06,agoda,7,77000,false
2025-06-06,expedia,4,44000,false
2025-06-07,direct,3,32217,false
2025-06-08,direct,3,34376,false
2025-06-08,phone,2,20240,false
2025-06-08,booking_com,14,154000,false
2025-06-08,agoda,7,77000,false
2025-06-08,expedia,4,44000,false
2025-06-09,direct,5,52484,false
2025-06-10,direct,3,33276,false
2025-06-10,booking_com,14,154000,false
2025-06-10,agoda,7,77000,false
2025-06-10,expedia,4,44000,false
2025-06-11,direct,4,42182,false
2025-06-12,direct,5,52956,false
2025-06-12,phone,2,20240,false
2025-06-12,booking_com,14,154000,false
2025-06-12,agoda,7,77000,false
2025-06-12,expedia,4,44000,false
2025-06-13,direct,4,42510,false
2025-06-14,direct,4,42354,false
2025-06-14,booking_com,14,154000,false
2025-06-14,agoda,7,77000,false
2025-06-14,expedia,4,44000,false
2025-06-15,direct,2,22587,false
2025-06-16,direct,4,43861,false
2025-06-16,phone,2,20240,false
2025-06-16,booking_com,14,154000,false
2025-06-16,agoda,7,77000,false
2025-06-16,expedia,4,44000,false
2025-06-17,direct,4,44915,false
2025-06-18,direct,2,21377,false
2025-06-18,booking_com,14,154000,false
2025-06-18,agoda,7,77000,false
2025-06-18,expedia,4,44000,false
2025-06-19,direct,4,41910,false
2025-06-20,direct,4,42089,false
2025-06-20,phone,2,20240,false
2025-06-20,booking_com,14,154000,false
2025-06-20,agoda,7,77000,false
2025-06-20,expedia,4,44000,false
2025-06-21,direct,3,33055,false
2025-06-22,direct,4,42455,false
2025-06-22,booking_com,14,154000,false
2025-06-22,agoda,7,77000,false
2025-06-22,expedia,4,44000,false
2025-06-23,direct,2,22996,false
2025-06-24,direct,3,33792,false
2025-06-24,phone,2,20240,false
2025-06-24,booking_com,14,154000,false
2025-06-24,agoda,7,77000,false
2025-06-24,expedia,4,44000,false
2025-06-25,direct,2,22413,false
2025-06-26,direct,3,33772,false
2025-06-26,booking_com,14,154000,false
2025-06-26,agoda,7,77000,false
2025-06-26,expedia,4,44000,false
2025-06-27,direct,5,56153,false
2025-06-28,direct,4,44742,false
2025-06-28,phone,2,20240,false
2025-06-28,booking_com,14,154000,false
2025-06-28,agoda,7,77000,false
2025-06-28,expedia,4,44000,false
2025-06-29,direct,2,21271,false
2025-06-30,direct,4,45160,false
2025-06-30,booking_com,14,154000,false
2025-06-30,agoda,7,77000,false
2025-06-30,expedia,4,44000,false
2025-07-01,direct,3,33895,false
2025-07-02,direct,4,43248,false
2025-07-02,booking_com,13,143000,false
2025-07-02,agoda,7,77000,false
2025-07-02,expedia,4,44000,false
2025-07-03,direct,4,45329,false
2025-07-04,direct,2,21108,false
2025-07-04,phone,2,20240,false
2025-07-04,booking_com,13,143000,false
2025-07-04,agoda,7,77000,false
2025-07-04,expedia,4,44000,false
2025-07-05,direct,3,34441,false
2025-07-06,direct,3,31391,false
2025-07-06,booking_com,13,143000,false
2025-07-06,agoda,7,77000,false
2025-07-06,expedia,4,44000,false
2025-07-07,direct,4,46136,false
2025-07-08,direct,2,22401,false
2025-07-08,phone,2,20240,false
2025-07-08,booking_com,13,143000,false
2025-07-08,agoda,7,77000,false
2025-07-08,expedia,4,44000,false
2025-07-09,direct,2,21239,false
2025-07-10,direct,4,44113,false
2025-07-10,booking_com,13,143000,false
2025-07-10,agoda,7,77000,false
2025-07-10,expedia,4,44000,false
2025-07-11,direct,3,34385,false
2025-07-12,direct,3,32685,false
2025-07-12,phone,2,20240,false
2025-07-12,booking_com,13,143000,false
2025-07-12,agoda,7,77000,false
2025-07-12,expedia,4,44000,false
2025-07-13,direct,3,34113,false
2025-07-14,direct,3,32992,false
2025-07-14,booking_com,13,143000,false
2025-07-14,agoda,7,77000,false
2025-07-14,expedia,4,44000,false
2025-07-15,direct,3,34329,false
2025-07-16,direct,4,43273,false
2025-07-16,phone,2,20240,false
2025-07-16,booking_com,13,143000,false
2025-07-16,agoda,7,77000,false
2025-07-16,expedia,4,44000,false
2025-07-17,direct,3,31782,false
2025-07-18,direct,4,45497,false
2025-07-18,booking_com,13,143000,false
2025-07-18,agoda,7,77000,false
2025-07-18,expedia,4,44000,false
2025-07-19,direct,2,22859,false
2025-07-20,direct,4,43776,false
2025-07-20,phone,2,20240,false
2025-07-20,booking_com,13,143000,false
2025-07-20,agoda,7,77000,false
2025-07-20,expedia,4,44000,false
2025-07-21,direct,3,31897,false
2025-07-22,direct,3,33740,false
2025-07-22,booking_com,13,143000,false
2025-07-22,agoda,7,77000,false
2025-07-22,expedia,4,44000,false
2025-07-23,direct,2,22359,false
2025-07-24,direct,3,32538,false
2025-07-24,phone,2,20240,false
2025-07-24,booking_com,13,143000,false
2025-07-24,agoda,7,77000,false
2025-07-24,expedia,4,44000,false
2025-07-25,direct,4,43413,false
2025-07-26,direct,2,22671,false
2025-07-26,booking_com,13,143000,false
2025-07-26,agoda,7,77000,false
2025-07-26,expedia,4,44000,false
2025-07-27,direct,2,22179,false
2025-07-28,direct,2,21939,false
2025-07-28,phone,2,20240,false
2025-07-28,booking_com,13,143000,false
2025-07-28,agoda,7,77000,false
2025-07-28,expedia,4,44000,false
2025-07-29,direct,3,33311,false
2025-07-30,direct,2,21608,false
2025-07-30,booking_com,13,143000,false
2025-07-30,agoda,7,77000,false
2025-07-30,expedia,4,44000,false
2025-07-31,direct,3,33708,false
2025-08-01,direct,5,53216,false
2025-08-02,direct,4,45943,false
2025-08-02,booking_com,16,176000,false
2025-08-02,agoda,8,88000,false
2025-08-02,expedia,5,55000,false
2025-08-03,direct,3,33210,false
2025-08-04,direct,4,43623,false
2025-08-04,phone,2,20240,false
2025-08-04,booking_com,16,176000,false
2025-08-04,agoda,8,88000,false
2025-08-04,expedia,5,55000,false
2025-08-05,direct,3,33336,false
2025-08-06,direct,5,53058,false
2025-08-06,booking_com,16,176000,false
2025-08-06,agoda,8,88000,false
2025-08-06,expedia,5,55000,false
2025-08-07,direct,3,34105,false
2025-08-08,direct,3,31470,false
2025-08-08,phone,2,20240,false
2025-08-08,booking_com,16,176000,false
2025-08-08,agoda,8,88000,false
2025-08-08,expedia,5,55000,false
2025-08-09,direct,3,32387,false
2025-08-10,direct,3,32686,false
2025-08-10,booking_com,16,176000,false
2025-08-10,agoda,8,88000,false
2025-08-10,expedia,5,55000,false
2025-08-11,direct,4,42454,false
2025-08-12,direct,5,57446,false
2025-08-12,phone,2,20240,false
2025-08-12,booking_com,16,176000,false
2025-08-12,agoda,8,88000,false
2025-08-12,expedia,5,55000,false
2025-08-13,direct,4,44900,false
2025-08-14,direct,4,44828,false
2025-08-14,booking_com,16,176000,false
2025-08-14,agoda,8,88000,false
2025-08-14,expedia,5,55000,false
2025-08-15,direct,4,42694,false
2025-08-16,direct,3,31811,false
2025-08-16,phone,2,20240,false
2025-08-16,booking_com,16,176000,false
2025-08-16,agoda,8,88000,false
2025-08-16,expedia,5,55000,false
2025-08-17,direct,4,43730,false
2025-08-18,direct,3,31432,false
2025-08-18,booking_com,16,176000,false
2025-08-18,agoda,8,88000,false
2025-08-18,expedia,5,55000,false
2025-08-19,direct,4,46127,false
2025-08-20,direct,3,32965,false
2025-08-20,phone,2,20240,false
2025-08-20,booking_com,16,176000,false
2025-08-20,agoda,8,88000,false
2025-08-20,expedia,5,55000,false
2025-08-21,direct,4,45150,false
2025-08-22,direct,3,33246,false
2025-08-22,booking_com,16,176000,false
2025-08-22,agoda,8,88000,false
2025-08-22,expedia,5,55000,false
2025-08-23,direct,3,33384,false
2025-08-24,direct,5,52957,false
2025-08-24,phone,2,20240,false
2025-08-24,booking_com,16,176000,false
2025-08-24,agoda,8,88000,false
2025-08-24,expedia,5,55000,false
2025-08-25,direct,2,22140,false
2025-08-26,direct,3,31775,false
2025-08-26,booking_com,16,176000,false
2025-08-26,agoda,8,88000,false
2025-08-26,expedia,5,55000,false
2025-08-27,direct,3,31969,false
2025-08-28,direct,3,34359,false
2025-08-28,phone,2,20240,false
2025-08-28,booking_com,16,176000,false
2025-08-28,agoda,8,88000,false
2025-08-28,expedia,5,55000,false
2025-08-29,direct,4,45887,false
2025-08-30,direct,3,31968,false
2025-08-30,booking_com,16,176000,false
2025-08-30,agoda,8,88000,false
2025-08-30,expedia,5,55000,false
2025-08-31,direct,3,34559,false
2025-09-01,direct,4,43385,false
2025-09-02,direct,6,66434,false
2025-09-02,booking_com,20,220000,false
2025-09-02,agoda,10,110000,false
2025-09-02,expedia,6,66000,false
2025-09-03,direct,7,77985,false
2025-09-04,direct,5,53811,false
2025-09-04,phone,2,20240,false
2025-09-04,booking_com,20,220000,false
2025-09-04,agoda,10,110000,false
2025-09-04,expedia,6,66000,false
2025-09-05,direct,3,33130,false
2025-09-06,direct,4,45580,false
2025-09-06,booking_com,20,220000,false
2025-09-06,agoda,10,110000,false
2025-09-06,expedia,6,66000,false
2025-09-07,direct,6,68589,false
2025-09-08,direct,7,74246,false
2025-09-08,phone,2,20240,false
2025-09-08,booking_com,20,220000,false
2025-09-08,agoda,10,110000,false
2025-09-08,expedia,6,66000,false
2025-09-09,direct,7,77466,false
2025-09-10,direct,4,45359,false
2025-09-10,booking_com,20,220000,false
2025-09-10,agoda,10,110000,false
2025-09-10,expedia,6,66000,false
2025-09-11,direct,7,74993,false
2025-09-12,direct,6,68037,false
2025-09-12,phone,2,20240,false
2025-09-12,booking_com,20,220000,false
2025-09-12,agoda,10,110000,false
2025-09-12,expedia,6,66000,false
2025-09-13,direct,3,34154,false
2025-09-14,direct,6,66520,false
2025-09-14,booking_com,20,220000,false
2025-09-14,agoda,10,110000,false
2025-09-14,expedia,6,66000,false
2025-09-15,direct,5,55333,false
2025-09-16,direct,3,34420,false
2025-09-16,phone,2,20240,false
2025-09-16,booking_com,20,220000,false
2025-09-16,agoda,10,110000,false
2025-09-16,expedia,6,66000,false
2025-09-17,direct,5,57413,false
2025-09-18,direct,6,67767,false
2025-09-18,booking_com,20,220000,false
2025-09-18,agoda,10,110000,false
2025-09-18,expedia,6,66000,false
2025-09-19,direct,3,32175,false
2025-09-20,direct,7,79985,false
2025-09-20,phone,2,20240,false
2025-09-20,booking_com,20,220000,false
2025-09-20,agoda,10,110000,false
2025-09-20,expedia,6,66000,false
2025-09-21,direct,4,43241,false
2025-09-22,direct,5,54131,false
2025-09-22,booking_com,20,220000,false
2025-09-22,agoda,10,110000,false
2025-09-22,expedia,6,66000,false
2025-09-23,direct,5,54333,false
2025-09-24,direct,5,55378,false
2025-09-24,phone,2,20240,false
2025-09-24,booking_com,20,220000,false
2025-09-24,agoda,10,110000,false
2025-09-24,expedia,6,66000,false
2025-09-25,direct,6,69098,false
2025-09-26,direct,6,65862,false
2025-09-26,booking_com,20,220000,false
2025-09-26,agoda,10,110000,false
2025-09-26,expedia,6,66000,false
2025-09-27,direct,4,43246,false
2025-09-28,direct,4,42274,false
2025-09-28,phone,2,20240,false
2025-09-28,booking_com,20,220000,false
2025-09-28,agoda,10,110000,false
2025-09-28,expedia,6,66000,false
2025-09-29,direct,5,57415,false
2025-09-30,direct,5,55164,false
2025-09-30,booking_com,20,220000,false
2025-09-30,agoda,10,110000,false
2025-09-30,expedia,6,66000,false
2025-10-01,direct,2,21623,true
2025-10-01,direct,1,10627,true
2025-10-01,direct,4,43941,true
2025-10-01,direct,3,32369,false
2025-10-02,direct,3,33330,false
2025-10-02,direct,3,32187,false
2025-10-02,direct,2,22489,true
2025-10-02,direct,4,41692,true
2025-10-02,booking_com,28,308000,false
2025-10-02,agoda,15,165000,false
2025-10-02,expedia,9,99000,false
2025-10-03,direct,2,22559,true
2025-10-03,direct,3,31811,false
2025-10-03,direct,3,32613,true
2025-10-03,direct,3,33960,false
2025-10-04,direct,2,22242,false
2025-10-04,direct,2,21266,true
2025-10-04,direct,3,33041,true
2025-10-04,direct,2,20821,true
2025-10-04,phone,2,20240,true
2025-10-04,booking_com,28,308000,false
2025-10-04,agoda,15,165000,false
2025-10-04,expedia,9,99000,false
2025-10-05,direct,1,11212,true
2025-10-05,direct,3,32644,true
2025-10-05,direct,3,32091,false
2025-10-05,direct,2,23030,true
2025-10-06,direct,2,21327,true
2025-10-06,direct,2,22928,true
2025-10-06,direct,1,10631,true
2025-10-06,direct,2,20933,true
2025-10-06,booking_com,28,308000,false
2025-10-06,agoda,15,165000,false
2025-10-06,expedia,9,99000,false
2025-10-07,direct,3,32614,true
2025-10-07,direct,4,41680,false
2025-10-07,direct,3,32635,true
2025-10-07,direct,4,44455,true
2025-10-08,direct,4,45193,true
2025-10-08,direct,3,32531,false
2025-10-08,direct,3,33038,true
2025-10-08,direct,3,31200,true
2025-10-08,phone,2,20240,true
2025-10-08,booking_com,28,308000,false
2025-10-08,agoda,15,165000,false
2025-10-08,expedia,9,99000,false
2025-10-09,direct,4,44325,true
2025-10-09,direct,3,32320,true
2025-10-09,direct,2,22476,true
2025-10-09,direct,2,20723,true
2025-10-10,direct,3,31345,true
2025-10-10,direct,3,31701,true
2025-10-10,direct,3,33082,true
2025-10-10,direct,2,21711,true
2025-10-10,booking_com,28,308000,false
2025-10-10,agoda,15,165000,false
2025-10-10,expedia,9,99000,false
2025-10-11,direct,2,22083,true
2025-10-11,direct,2,20938,true
2025-10-11,direct,4,44845,true
2025-10-11,direct,2,21221,true
2025-10-12,direct,3,34475,true
2025-10-12,direct,2,20756,true
2025-10-12,direct,3,31136,true
2025-10-12,direct,2,21556,true
2025-10-12,phone,2,20240,true
2025-10-12,booking_com,28,308000,false
2025-10-12,agoda,15,165000,false
2025-10-12,expedia,9,99000,false
2025-10-13,direct,2,22945,true
2025-10-13,direct,1,11043,true
2025-10-13,direct,3,34401,false
2025-10-13,direct,3,32752,true
2025-10-14,direct,2,21363,true
2025-10-14,direct,2,21564,true
2025-10-14,direct,2,22250,true
2025-10-14,direct,3,33220,false
2025-10-14,booking_com,28,308000,false
2025-10-14,agoda,15,165000,false
2025-10-14,expedia,9,99000,false
2025-10-15,direct,2,21041,false
2025-10-15,direct,2,22479,true
2025-10-15,direct,3,31621,true
2025-10-15,direct,3,34648,false
2025-10-16,direct,4,46094,true
2025-10-16,direct,2,21935,true
2025-10-16,direct,3,33495,false
2025-10-16,direct,3,33222,true
2025-10-16,phone,2,20240,true
2025-10-16,booking_com,28,308000,false
2025-10-16,agoda,15,165000,false
2025-10-16,expedia,9,99000,false
2025-10-17,direct,2,22420,false
2025-10-17,direct,2,21105,true
2025-10-17,direct,2,21478,false
2025-10-17,direct,3,32131,true
2025-10-18,direct,3,33939,false
2025-10-18,direct,2,22555,true
2025-10-18,direct,1,10651,true
2025-10-18,direct,2,21912,true
2025-10-18,booking_com,28,308000,false
2025-10-18,agoda,15,165000,false
2025-10-18,expedia,9,99000,false
2025-10-19,direct,3,33672,true
2025-10-19,direct,3,34074,true
2025-10-19,direct,4,45224,false
2025-10-19,direct,2,22461,true
2025-10-20,direct,2,22949,false
2025-10-20,direct,3,31626,true
2025-10-20,direct,3,32221,true
2025-10-20,direct,2,22733,true
2025-10-20,phone,2,20240,true
2025-10-20,booking_com,28,308000,false
2025-10-20,agoda,15,165000,false
2025-10-20,expedia,9,99000,false
2025-10-21,direct,2,22401,true
2025-10-21,direct,2,20827,false
2025-10-21,direct,3,32121,true
2025-10-21,direct,3,33621,true
2025-10-22,direct,2,21284,true
2025-10-22,direct,4,45759,true
2025-10-22,direct,3,32906,true
2025-10-22,direct,2,22063,true
2025-10-22,booking_com,28,308000,false
2025-10-22,agoda,15,165000,false
2025-10-22,expedia,9,99000,false
2025-10-23,direct,3,33990,false
2025-10-23,direct,3,34212,true
2025-10-23,direct,2,21071,true
2025-10-23,direct,2,22242,true
2025-10-24,direct,3,31515,true
2025-10-24,direct,3,33925,true
2025-10-24,direct,2,20861,true
2025-10-24,direct,2,21321,true
2025-10-24,phone,2,20240,true
2025-10-24,booking_com,28,308000,false
2025-10-24,agoda,15,165000,false
2025-10-24,expedia,9,99000,false
2025-10-25,direct,3,31314,true
2025-10-25,direct,3,31379,false
2025-10-25,direct,3,32130,true
2025-10-25,direct,3,32066,true
2025-10-26,direct,2,22742,true
2025-10-26,direct,4,44643,false
2025-10-26,direct,2,21680,true
2025-10-26,direct,2,21748,true
2025-10-26,booking_com,28,308000,false
2025-10-26,agoda,15,165000,false
2025-10-26,expedia,9,99000,false
2025-10-27,direct,3,31834,false
2025-10-27,direct,2,22722,true
2025-10-27,direct,3,32583,true
2025-10-27,direct,4,45610,true
2025-10-28,direct,3,33227,true
2025-10-28,direct,3,31847,true
2025-10-28,direct,3,33226,true
2025-10-28,direct,2,23073,false
2025-10-28,phone,2,20240,true
2025-10-28,booking_com,28,308000,false
2025-10-28,agoda,15,165000,false
2025-10-28,expedia,9,99000,false
2025-10-29,direct,4,45827,true
2025-10-29,direct,3,31389,true
2025-10-29,direct,2,22103,true
2025-10-29,direct,3,31471,true
2025-10-30,direct,4,43540,false
2025-10-30,direct,4,42044,true
2025-10-30,direct,2,21570,true
2025-10-30,direct,3,34221,true
2025-10-30,booking_com,28,308000,false
2025-10-30,agoda,15,165000,false
2025-10-30,expedia,9,99000,false
2025-10-31,direct,3,34045,false
2025-10-31,direct,3,33792,true
2025-10-31,direct,3,32684,true
2025-10-31,direct,4,42776,true
2025-11-01,direct,4,41569,false
2025-11-01,direct,3,34315,false
2025-11-01,direct,4,45630,true
2025-11-01,direct,1,11175,true
2025-11-01,direct,3,32354,true
2025-11-02,direct,3,32087,true
2025-11-02,direct,2,22591,false
2025-11-02,direct,3,31495,true
2025-11-02,direct,3,34414,true
2025-11-02,direct,4,41984,true
2025-11-02,booking_com,36,396000,false
2025-11-02,agoda,18,198000,false
2025-11-02,expedia,11,121000,false
2025-11-03,direct,2,22522,true
2025-11-03,direct,2,22872,true
2025-11-03,direct,3,32978,true
2025-11-03,direct,3,34640,true
2025-11-03,direct,2,21142,true
2025-11-04,direct,2,22334,true
2025-11-04,direct,3,32102,true
2025-11-04,direct,2,21241,true
2025-11-04,direct,1,10572,true
2025-11-04,direct,2,22659,true
2025-11-04,phone,2,20240,false
2025-11-04,booking_com,36,396000,false
2025-11-04,agoda,18,198000,false
2025-11-04,expedia,11,121000,false
2025-11-05,direct,2,21861,false
2025-11-05,direct,4,41769,true
2025-11-05,direct,2,21802,true
2025-11-05,direct,4,44984,true
2025-11-05,direct,3,31377,true
2025-11-06,direct,4,45129,true
2025-11-06,direct,2,21645,false
2025-11-06,direct,3,32262,true
2025-11-06,direct,3,32807,true
2025-11-06,direct,2,22563,true
2025-11-06,booking_com,36,396000,false
2025-11-06,agoda,18,198000,false
2025-11-06,expedia,11,121000,false
2025-11-07,direct,2,21442,true
2025-11-07,direct,3,31508,true
2025-11-07,direct,2,23036,true
2025-11-07,direct,3,31041,true
2025-11-07,direct,2,23092,true
2025-11-08,direct,1,10553,true
2025-11-08,direct,3,31436,true
2025-11-08,direct,2,21343,true
2025-11-08,direct,2,21150,true
2025-11-08,direct,2,22619,true
2025-11-08,phone,2,20240,false
2025-11-08,booking_com,36,396000,false
2025-11-08,agoda,18,198000,false
2025-11-08,expedia,11,121000,false
2025-11-09,direct,4,42123,true
2025-11-09,direct,3,34577,true
2025-11-09,direct,2,21581,false
2025-11-09,direct,3,33618,true
2025-11-09,direct,4,46119,true
2025-11-15,direct,2,20801,true
2025-11-15,direct,1,10827,true
2025-11-15,direct,3,34409,true
2025-11-15,direct,4,42622,true
2025-11-15,direct,2,20848,true
2025-11-16,direct,3,32356,true
2025-11-16,direct,3,32149,false
2025-11-16,direct,4,42022,false
2025-11-16,direct,3,33455,true
2025-11-16,direct,2,21629,true
2025-11-16,phone,2,20240,false
2025-11-16,booking_com,36,396000,false
2025-11-16,agoda,18,198000,false
2025-11-16,expedia,11,121000,false
2025-11-17,direct,1,11291,true
2025-11-17,direct,2,21008,true
2025-11-17,direct,2,21693,true
2025-11-17,direct,2,22875,true
2025-11-17,direct,3,33135,true
2025-11-18,direct,3,34244,true
2025-11-18,direct,2,22504,true
2025-11-18,direct,3,33931,true
2025-11-18,direct,2,22292,true
2025-11-18,direct,3,32969,true
2025-11-18,booking_com,36,396000,false
2025-11-18,agoda,18,198000,false
2025-11-18,expedia,11,121000,false
2025-11-19,direct,3,32857,true
2025-11-19,direct,3,31494,true
2025-11-19,direct,2,22631,false
2025-11-19,direct,3,34264,false
2025-11-19,direct,3,31511,true
2025-11-20,direct,2,21264,true
2025-11-20,direct,1,11484,true
2025-11-20,direct,3,33764,true
2025-11-20,direct,2,22311,false
2025-11-20,direct,4,43324,true
2025-11-20,phone,2,20240,true
2025-11-20,booking_com,36,396000,false
2025-11-20,agoda,18,198000,false
2025-11-20,expedia,11,121000,false
2025-11-21,direct,3,33495,true
2025-11-21,direct,3,31656,true
2025-11-21,direct,3,33872,true
2025-11-21,direct,3,34230,false
2025-11-21,direct,2,20977,true
2025-11-22,direct,2,22133,true
2025-11-22,direct,3,31854,true
2025-11-22,direct,2,22674,true
2025-11-22,direct,2,21621,true
2025-11-22,direct,4,43840,true
2025-11-22,booking_com,36,396000,false
2025-11-22,agoda,18,198000,false
2025-11-22,expedia,11,121000,false
2025-11-23,direct,3,32644,true
2025-11-23,direct,2,20832,false
2025-11-23,direct,4,44166,true
2025-11-23,direct,3,34067,true
2025-11-23,direct,4,42749,true
2025-11-24,direct,2,22973,false
2025-11-24,direct,3,32350,true
2025-11-24,direct,2,22336,true
2025-11-24,direct,2,20958,true
2025-11-24,direct,2,21474,true
2025-11-24,phone,2,20240,true
2025-11-24,booking_com,36,396000,false
2025-11-24,agoda,18,198000,false
2025-11-24,expedia,11,121000,false
2025-11-25,direct,3,32223,true
2025-11-25,direct,3,32887,true
2025-11-25,direct,3,32692,true
2025-11-25,direct,4,42384,true
2025-11-25,direct,3,32943,true
2025-11-26,direct,2,22671,true
2025-11-26,direct,3,32015,true
2025-11-26,direct,2,22189,true
2025-11-26,direct,3,32982,true
2025-11-26,direct,2,22442,true
2025-11-26,booking_com,36,396000,false
2025-11-26,agoda,18,198000,false
2025-11-26,expedia,11,121000,false
2025-11-27,direct,2,22091,true
2025-11-27,direct,4,45506,true
2025-11-27,direct,3,31941,false
2025-11-27,direct,2,21597,false
2025-11-27,direct,3,34303,true
2025-11-28,direct,2,22765,true
2025-11-28,direct,2,20709,true
2025-11-28,direct,1,10499,true
2025-11-28,direct,2,21905,true
2025-11-28,direct,2,21289,true
2025-11-28,phone,2,20240,true
2025-11-28,booking_com,36,396000,false
2025-11-28,agoda,18,198000,false
2025-11-28,expedia,11,121000,false
2025-11-29,direct,2,21591,true
2025-11-29,direct,2,21962,true
2025-11-29,direct,3,32619,false
2025-11-29,direct,3,32261,false
2025-11-29,direct,2,21654,true
2025-11-30,direct,2,22396,true
2025-11-30,direct,2,21744,true
2025-11-30,direct,3,32922,true
2025-11-30,direct,3,34370,true
2025-11-30,direct,2,22655,true
2025-11-30,booking_com,36,396000,false
2025-11-30,agoda,18,198000,false
2025-11-30,expedia,11,121000,false
2025-12-01,direct,2,20971,true
2025-12-01,direct,2,22870,true
2025-12-01,direct,4,42252,true
2025-12-01,direct,2,22430,true
2025-12-01,direct,3,31043,true
2025-12-02,direct,4,43547,true
2025-12-02,direct,4,43728,true
2025-12-02,direct,4,44646,false
2025-12-02,direct,2,21762,true
2025-12-02,direct,2,20874,true
2025-12-02,booking_com,42,462000,false
2025-12-02,agoda,21,231000,false
2025-12-02,expedia,13,143000,false
2025-12-03,direct,2,20751,true
2025-12-03,direct,3,32909,true
2025-12-03,direct,3,31280,true
2025-12-03,direct,2,22727,true
2025-12-03,direct,3,34584,true
2025-12-04,direct,4,42344,true
2025-12-04,direct,3,33436,false
2025-12-04,direct,3,33447,true
2025-12-04,direct,4,43284,true
2025-12-04,direct,4,45157,true
2025-12-04,phone,2,20240,true
2025-12-04,booking_com,42,462000,false
2025-12-04,agoda,21,231000,false
2025-12-04,expedia,13,143000,false
2025-12-05,direct,2,20986,true
2025-12-05,direct,2,22713,true
2025-12-05,direct,3,32806,true
2025-12-05,direct,4,42473,false
2025-12-05,direct,4,44384,true
2025-12-06,direct,2,20752,true
2025-12-06,direct,3,31764,true
2025-12-06,direct,3,32972,true
2025-12-06,direct,4,42902,false
2025-12-06,direct,3,32660,true
2025-12-06,booking_com,42,462000,false
2025-12-06,agoda,21,231000,false
2025-12-06,expedia,13,143000,false
2025-12-07,direct,4,45337,false
2025-12-07,direct,2,22092,true
2025-12-07,direct,2,22420,true
2025-12-07,direct,3,31858,true
2025-12-07,direct,3,32891,true
2025-12-08,direct,3,33772,true
2025-12-08,direct,4,44553,true
2025-12-08,direct,3,32388,true
2025-12-08,direct,2,23055,true
2025-12-08,direct,2,23000,true
2025-12-08,phone,2,20240,true
2025-12-08,booking_com,42,462000,false
2025-12-08,agoda,21,231000,false
2025-12-08,expedia,13,143000,false
2025-12-09,direct,3,32185,true
2025-12-09,direct,2,22639,true
2025-12-09,direct,2,21853,true
2025-12-09,direct,2,21413,true
2025-12-09,direct,2,22960,true
2025-12-10,direct,4,44518,true
2025-12-10,direct,3,33415,true
2025-12-10,direct,3,31793,true
2025-12-10,direct,3,33482,false
2025-12-10,direct,4,45528,false
2025-12-10,booking_com,42,462000,false
2025-12-10,agoda,21,231000,false
2025-12-10,expedia,13,143000,false
2025-12-11,direct,2,21404,false
2025-12-11,direct,2,21439,true
2025-12-11,direct,2,20925,true
2025-12-11,direct,4,45580,true
2025-12-11,direct,2,22134,true
2025-12-12,direct,2,23049,true
2025-12-12,direct,2,21792,true
2025-12-12,direct,4,45343,true
2025-12-12,direct,2,22293,false
2025-12-12,direct,3,33601,true
2025-12-12,phone,2,20240,true
2025-12-12,booking_com,42,462000,false
2025-12-12,agoda,21,231000,false
2025-12-12,expedia,13,143000,false
2025-12-13,direct,2,21311,false
2025-12-13,direct,4,44863,true
2025-12-13,direct,4,44457,true
2025-12-13,direct,4,46069,true
2025-12-13,direct,4,43111,true
2025-12-14,direct,3,34526,true
2025-12-14,direct,3,34325,true
2025-12-14,direct,2,21043,true
2025-12-14,direct,2,22705,true
2025-12-14,direct,3,33670,true
2025-12-14,booking_com,42,462000,false
2025-12-14,agoda,21,231000,false
2025-12-14,expedia,13,143000,false
2025-12-15,direct,3,33445,true
2025-12-15,direct,3,33808,true
2025-12-15,direct,2,22042,false
2025-12-15,direct,4,41594,true
2025-12-15,direct,4,45753,true
2025-12-16,direct,2,20869,false
2025-12-16,direct,4,41802,true
2025-12-16,direct,4,42628,false
2025-12-16,direct,4,44801,true
2025-12-16,direct,2,21597,true
2025-12-16,phone,2,20240,true
2025-12-16,booking_com,42,462000,false
2025-12-16,agoda,21,231000,false
2025-12-16,expedia,13,143000,false
2025-12-17,direct,2,22083,false
2025-12-17,direct,3,32276,true
2025-12-17,direct,4,41646,true
2025-12-17,direct,2,21931,true
2025-12-17,direct,2,21971,false
2025-12-18,direct,4,45945,true
2025-12-18,direct,2,21516,true
2025-12-18,direct,4,46021,true
2025-12-18,direct,2,21597,true
2025-12-18,direct,2,20921,false
2025-12-18,booking_com,42,462000,false
2025-12-18,agoda,21,231000,false
2025-12-18,expedia,13,143000,false
2025-12-19,direct,2,22453,true
2025-12-19,direct,4,42799,true
2025-12-19,direct,4,41401,true
2025-12-19,direct,4,42901,false
2025-12-19,direct,4,42075,true
2025-12-20,direct,4,44782,true
2025-12-20,direct,4,41458,true
2025-12-20,direct,3,31091,true
2025-12-20,direct,4,43230,true
2025-12-20,direct,3,34487,true
2025-12-20,phone,2,20240,true
2025-12-20,booking_com,42,462000,false
2025-12-20,agoda,21,231000,false
2025-12-20,expedia,13,143000,false
2025-12-21,direct,2,20796,false
2025-12-21,direct,4,43650,false
2025-12-21,direct,3,32743,true
2025-12-21,direct,2,21145,true
2025-12-21,direct,2,22732,true
2025-12-22,direct,2,22187,false
2025-12-22,direct,2,22726,true
2025-12-22,direct,2,21014,true
2025-12-22,direct,4,41977,true
2025-12-22,direct,2,22637,true
2025-12-22,booking_com,42,462000,false
2025-12-22,agoda,21,231000,false
2025-12-22,expedia,13,143000,false
2025-12-23,direct,2,21350,false
2025-12-23,direct,2,21846,false
2025-12-23,direct,2,22472,true
2025-12-23,direct,3,31523,true
2025-12-23,direct,2,22085,true
2025-12-24,direct,4,43865,true
2025-12-24,direct,4,45883,true
2025-12-24,direct,4,45715,true
2025-12-24,direct,4,43476,true
2025-12-24,direct,4,43952,true
2025-12-24,phone,2,20240,true
2025-12-24,booking_com,42,462000,false
2025-12-24,agoda,21,231000,false
2025-12-24,expedia,13,143000,false
2025-12-25,direct,2,23022,true
2025-12-25,direct,3,34153,true
2025-12-25,direct,3,32032,true
2025-12-25,direct,4,44953,true
2025-12-25,direct,3,31125,true
2025-12-26,direct,4,42479,true
2025-12-26,direct,3,33888,true
2025-12-26,direct,4,45811,true
2025-12-26,direct,4,42417,true
2025-12-26,direct,2,22263,true
2025-12-26,booking_com,42,462000,false
2025-12-26,agoda,21,231000,false
2025-12-26,expedia,13,143000,false
2025-12-27,direct,4,42331,true
2025-12-27,direct,3,33861,false
2025-12-27,direct,3,33331,true
2025-12-27,direct,3,31578,true
2025-12-27,direct,3,34196,true
2025-12-28,direct,4,42338,true
2025-12-28,direct,3,32040,false
2025-12-28,direct,3,32108,true
2025-12-28,direct,4,44751,true
2025-12-28,direct,2,21741,true
2025-12-28,phone,2,20240,true
2025-12-28,booking_com,42,462000,false
2025-12-28,agoda,21,231000,false
2025-12-28,expedia,13,143000,false
2025-12-29,direct,2,22110,true
2025-12-29,direct,3,31986,false
2025-12-29,direct,3,34279,true
2025-12-29,direct,3,33849,true
2025-12-29,direct,3,31300,false
2025-12-30,direct,3,32086,true
2025-12-30,direct,2,21425,true
2025-12-30,direct,2,22044,true
2025-12-30,direct,2,21859,true
2025-12-30,direct,2,21904,true
2025-12-30,booking_com,42,462000,false
2025-12-30,agoda,21,231000,false
2025-12-30,expedia,13,143000,false
2025-12-31,direct,3,31175,true
2025-12-31,direct,4,44376,true
2025-12-31,direct,2,21811,true
2025-12-31,direct,3,31036,true
2025-12-31,direct,2,22300,false
